timestamp,team,fire_cost,damage_cost,total
0.0,red,0.0,0.0,0.0
0.0,blue,0.0,0.0,0.0
1.0,red,0.0,0.0,0.0
1.0,blue,0.0,0.0,0.0
2.0,red,0.0,16000000000.0,16000000000.0
2.0,blue,10000000.0,0.0,10000000.0
3.0,red,0.0,24000000000.0,24000000000.0
3.0,blue,14000000.0,0.0,14000000.0
4.0,red,0.0,32000000000.0,32000000000.0
4.0,blue,24000000.0,0.0,24000000.0
5.0,red,0.0,36000000000.0,36000000000.0
5.0,blue,26000000.0,0.0,26000000.0
6.0,red,0.0,36000000000.0,36000000000.0
6.0,blue,26000000.0,0.0,26000000.0
7.0,red,0.0,36000000000.0,36000000000.0
7.0,blue,26000000.0,0.0,26000000.0
8.0,red,0.0,36000000000.0,36000000000.0
8.0,blue,26000000.0,0.0,26000000.0
9.0,red,0.0,36000000000.0,36000000000.0
9.0,blue,30000000.0,0.0,30000000.0
10.0,red,0.0,36000000000.0,36000000000.0
10.0,blue,34000000.0,0.0,34000000.0
11.0,red,0.0,36000000000.0,36000000000.0
11.0,blue,42000000.0,0.0,42000000.0
12.0,red,0.0,36000000000.0,36000000000.0
12.0,blue,42000000.0,0.0,42000000.0
13.0,red,0.0,36000000000.0,36000000000.0
13.0,blue,42000000.0,0.0,42000000.0
14.0,red,0.0,36000000000.0,36000000000.0
14.0,blue,52000000.0,0.0,52000000.0
15.0,red,0.0,36000000000.0,36000000000.0
15.0,blue,56000000.0,0.0,56000000.0
16.0,red,0.0,36000000000.0,36000000000.0
16.0,blue,68000000.0,0.0,68000000.0
17.0,red,0.0,36000000000.0,36000000000.0
17.0,blue,76000000.0,0.0,76000000.0
18.0,red,0.0,36000000000.0,36000000000.0
18.0,blue,88000000.0,0.0,88000000.0
19.0,red,0.0,36000000000.0,36000000000.0
19.0,blue,92000000.0,0.0,92000000.0
20.0,red,0.0,36000000000.0,36000000000.0
20.0,blue,104000000.0,0.0,104000000.0
21.0,red,0.0,36000000000.0,36000000000.0
21.0,blue,116000000.0,0.0,116000000.0
22.0,red,0.0,36000000000.0,36000000000.0
22.0,blue,128000000.0,0.0,128000000.0
23.0,red,0.0,36000000000.0,36000000000.0
23.0,blue,132000000.0,0.0,132000000.0
24.0,red,0.0,36000000000.0,36000000000.0
24.0,blue,144000000.0,0.0,144000000.0
25.0,red,0.0,40000000000.0,40000000000.0
25.0,blue,154000000.0,0.0,154000000.0
26.0,red,0.0,40000000000.0,40000000000.0
26.0,blue,182000000.0,0.0,182000000.0
27.0,red,0.0,40000000000.0,40000000000.0
27.0,blue,190000000.0,0.0,190000000.0
28.0,red,0.0,40000000000.0,40000000000.0
28.0,blue,198000000.0,0.0,198000000.0
29.0,red,0.0,40000000000.0,40000000000.0
29.0,blue,202000000.0,0.0,202000000.0
30.0,red,0.0,40000000000.0,40000000000.0
30.0,blue,218000000.0,0.0,218000000.0
31.0,red,0.0,40000000000.0,40000000000.0
31.0,blue,250000000.0,0.0,250000000.0
32.0,red,0.0,40000000000.0,40000000000.0
32.0,blue,258000000.0,0.0,258000000.0
33.0,red,0.0,40000000000.0,40000000000.0
33.0,blue,274000000.0,0.0,274000000.0
34.0,red,0.0,40000000000.0,40000000000.0
34.0,blue,278000000.0,0.0,278000000.0
35.0,red,0.0,40000000000.0,40000000000.0
35.0,blue,286000000.0,0.0,286000000.0
36.0,red,0.0,40000000000.0,40000000000.0
36.0,blue,310000000.0,0.0,310000000.0
37.0,red,0.0,40000000000.0,40000000000.0
37.0,blue,326000000.0,0.0,326000000.0
38.0,red,0.0,40000000000.0,40000000000.0
38.0,blue,338000000.0,0.0,338000000.0
39.0,red,0.0,40000000000.0,40000000000.0
39.0,blue,338000000.0,0.0,338000000.0
40.0,red,0.0,40000000000.0,40000000000.0
40.0,blue,346000000.0,0.0,346000000.0
41.0,red,0.0,40000000000.0,40000000000.0
41.0,blue,358000000.0,0.0,358000000.0
42.0,red,0.0,40000000000.0,40000000000.0
42.0,blue,358000000.0,0.0,358000000.0
43.0,red,0.0,40000000000.0,40000000000.0
43.0,blue,366000000.0,0.0,366000000.0
44.0,red,0.0,40000000000.0,40000000000.0
44.0,blue,386000000.0,0.0,386000000.0
45.0,red,0.0,40000000000.0,40000000000.0
45.0,blue,398000000.0,0.0,398000000.0
46.0,red,0.0,40000000000.0,40000000000.0
46.0,blue,414000000.0,0.0,414000000.0
47.0,red,0.0,40000000000.0,40000000000.0
47.0,blue,422000000.0,0.0,422000000.0
48.0,red,0.0,40000000000.0,40000000000.0
48.0,blue,446000000.0,0.0,446000000.0
49.0,red,0.0,40000000000.0,40000000000.0
49.0,blue,454000000.0,0.0,454000000.0
50.0,red,0.0,40000000000.0,40000000000.0
50.0,blue,462000000.0,0.0,462000000.0
51.0,red,0.0,40000000000.0,40000000000.0
51.0,blue,470000000.0,0.0,470000000.0
52.0,red,0.0,40000000000.0,40000000000.0
52.0,blue,494000000.0,0.0,494000000.0
53.0,red,0.0,40000000000.0,40000000000.0
53.0,blue,510000000.0,0.0,510000000.0
54.0,red,0.0,40000000000.0,40000000000.0
54.0,blue,530000000.0,0.0,530000000.0
55.0,red,0.0,40000000000.0,40000000000.0
55.0,blue,542000000.0,0.0,542000000.0
56.0,red,0.0,40000000000.0,40000000000.0
56.0,blue,554000000.0,0.0,554000000.0
57.0,red,0.0,40000000000.0,40000000000.0
57.0,blue,570000000.0,0.0,570000000.0
58.0,red,0.0,40000000000.0,40000000000.0
58.0,blue,578000000.0,0.0,578000000.0
59.0,red,0.0,44000000000.0,44000000000.0
59.0,blue,586000000.0,0.0,586000000.0
60.0,red,0.0,44000000000.0,44000000000.0
60.0,blue,598000000.0,0.0,598000000.0
61.0,red,0.0,44000000000.0,44000000000.0
61.0,blue,598000000.0,0.0,598000000.0
62.0,red,0.0,44000000000.0,44000000000.0
62.0,blue,602000000.0,0.0,602000000.0
63.0,red,0.0,44000000000.0,44000000000.0
63.0,blue,614000000.0,0.0,614000000.0
64.0,red,0.0,44000000000.0,44000000000.0
64.0,blue,626000000.0,0.0,626000000.0
65.0,red,0.0,44000000000.0,44000000000.0
65.0,blue,630000000.0,0.0,630000000.0
66.0,red,0.0,44000000000.0,44000000000.0
66.0,blue,634000000.0,0.0,634000000.0
67.0,red,0.0,44000000000.0,44000000000.0
67.0,blue,638000000.0,0.0,638000000.0
68.0,red,0.0,44000000000.0,44000000000.0
68.0,blue,642000000.0,0.0,642000000.0
69.0,red,0.0,44000000000.0,44000000000.0
69.0,blue,654000000.0,0.0,654000000.0
70.0,red,0.0,44000000000.0,44000000000.0
70.0,blue,654000000.0,0.0,654000000.0
71.0,red,0.0,44000000000.0,44000000000.0
71.0,blue,666000000.0,0.0,666000000.0
72.0,red,0.0,44000000000.0,44000000000.0
72.0,blue,674000000.0,0.0,674000000.0
73.0,red,0.0,44000000000.0,44000000000.0
73.0,blue,682000000.0,0.0,682000000.0
74.0,red,0.0,44000000000.0,44000000000.0
74.0,blue,694000000.0,0.0,694000000.0
75.0,red,0.0,44000000000.0,44000000000.0
75.0,blue,698000000.0,0.0,698000000.0
76.0,red,0.0,44000000000.0,44000000000.0
76.0,blue,706000000.0,0.0,706000000.0
77.0,red,0.0,44000000000.0,44000000000.0
77.0,blue,714000000.0,0.0,714000000.0
78.0,red,0.0,44000000000.0,44000000000.0
78.0,blue,722000000.0,0.0,722000000.0
79.0,red,0.0,44000000000.0,44000000000.0
79.0,blue,730000000.0,0.0,730000000.0
80.0,red,0.0,44000000000.0,44000000000.0
80.0,blue,738000000.0,0.0,738000000.0
81.0,red,0.0,44000000000.0,44000000000.0
81.0,blue,762000000.0,0.0,762000000.0
82.0,red,0.0,44000000000.0,44000000000.0
82.0,blue,770000000.0,0.0,770000000.0
83.0,red,0.0,44000000000.0,44000000000.0
83.0,blue,778000000.0,0.0,778000000.0
84.0,red,0.0,44000000000.0,44000000000.0
84.0,blue,790000000.0,0.0,790000000.0
85.0,red,0.0,44000000000.0,44000000000.0
85.0,blue,806000000.0,0.0,806000000.0
86.0,red,0.0,44000000000.0,44000000000.0
86.0,blue,810000000.0,0.0,810000000.0
87.0,red,0.0,44000000000.0,44000000000.0
87.0,blue,822000000.0,0.0,822000000.0
88.0,red,0.0,44000000000.0,44000000000.0
88.0,blue,838000000.0,0.0,838000000.0
89.0,red,0.0,44000000000.0,44000000000.0
89.0,blue,846000000.0,0.0,846000000.0
90.0,red,0.0,44000000000.0,44000000000.0
90.0,blue,858000000.0,0.0,858000000.0
91.0,red,0.0,44000000000.0,44000000000.0
91.0,blue,870000000.0,0.0,870000000.0
92.0,red,0.0,44000000000.0,44000000000.0
92.0,blue,890000000.0,0.0,890000000.0
93.0,red,0.0,44000000000.0,44000000000.0
93.0,blue,898000000.0,0.0,898000000.0
94.0,red,0.0,44000000000.0,44000000000.0
94.0,blue,918000000.0,0.0,918000000.0
95.0,red,0.0,48000000000.0,48000000000.0
95.0,blue,936000000.0,0.0,936000000.0
96.0,red,0.0,48000000000.0,48000000000.0
96.0,blue,944000000.0,0.0,944000000.0
97.0,red,0.0,48000000000.0,48000000000.0
97.0,blue,968000000.0,0.0,968000000.0
98.0,red,0.0,48000000000.0,48000000000.0
98.0,blue,972000000.0,0.0,972000000.0
99.0,red,0.0,48000000000.0,48000000000.0
99.0,blue,972000000.0,0.0,972000000.0
100.0,red,0.0,48000000000.0,48000000000.0
100.0,blue,1000000000.0,0.0,1000000000.0
101.0,red,0.0,48000000000.0,48000000000.0
101.0,blue,1012000000.0,0.0,1012000000.0
102.0,red,0.0,48000000000.0,48000000000.0
102.0,blue,1020000000.0,0.0,1020000000.0
103.0,red,0.0,48000000000.0,48000000000.0
103.0,blue,1032000000.0,0.0,1032000000.0
104.0,red,0.0,48000000000.0,48000000000.0
104.0,blue,1044000000.0,0.0,1044000000.0
105.0,red,0.0,48000000000.0,48000000000.0
105.0,blue,1048000000.0,0.0,1048000000.0
106.0,red,0.0,48000000000.0,48000000000.0
106.0,blue,1056000000.0,0.0,1056000000.0
107.0,red,0.0,48000000000.0,48000000000.0
107.0,blue,1056000000.0,0.0,1056000000.0
108.0,red,0.0,48000000000.0,48000000000.0
108.0,blue,1056000000.0,0.0,1056000000.0
109.0,red,0.0,48000000000.0,48000000000.0
109.0,blue,1064000000.0,0.0,1064000000.0
110.0,red,0.0,48000000000.0,48000000000.0
110.0,blue,1064000000.0,0.0,1064000000.0
111.0,red,0.0,48000000000.0,48000000000.0
111.0,blue,1064000000.0,0.0,1064000000.0
112.0,red,0.0,48000000000.0,48000000000.0
112.0,blue,1064000000.0,0.0,1064000000.0
113.0,red,0.0,48000000000.0,48000000000.0
113.0,blue,1064000000.0,0.0,1064000000.0
114.0,red,0.0,48000000000.0,48000000000.0
114.0,blue,1064000000.0,0.0,1064000000.0
115.0,red,0.0,48000000000.0,48000000000.0
115.0,blue,1064000000.0,0.0,1064000000.0
116.0,red,0.0,48000000000.0,48000000000.0
116.0,blue,1064000000.0,0.0,1064000000.0
117.0,red,0.0,48000000000.0,48000000000.0
117.0,blue,1064000000.0,0.0,1064000000.0
118.0,red,0.0,48000000000.0,48000000000.0
118.0,blue,1064000000.0,0.0,1064000000.0
119.0,red,0.0,48000000000.0,48000000000.0
119.0,blue,1064000000.0,0.0,1064000000.0
120.0,red,0.0,48000000000.0,48000000000.0
120.0,blue,1064000000.0,0.0,1064000000.0
121.0,red,0.0,48000000000.0,48000000000.0
121.0,blue,1064000000.0,0.0,1064000000.0
122.0,red,0.0,48000000000.0,48000000000.0
122.0,blue,1064000000.0,0.0,1064000000.0
123.0,red,0.0,48000000000.0,48000000000.0
123.0,blue,1064000000.0,0.0,1064000000.0
124.0,red,0.0,48000000000.0,48000000000.0
124.0,blue,1064000000.0,0.0,1064000000.0
125.0,red,0.0,48000000000.0,48000000000.0
125.0,blue,1064000000.0,0.0,1064000000.0
126.0,red,0.0,48000000000.0,48000000000.0
126.0,blue,1064000000.0,0.0,1064000000.0
127.0,red,0.0,48000000000.0,48000000000.0
127.0,blue,1064000000.0,0.0,1064000000.0
128.0,red,0.0,48000000000.0,48000000000.0
128.0,blue,1064000000.0,0.0,1064000000.0
129.0,red,0.0,48000000000.0,48000000000.0
129.0,blue,1064000000.0,0.0,1064000000.0
130.0,red,0.0,48000000000.0,48000000000.0
130.0,blue,1064000000.0,0.0,1064000000.0
131.0,red,0.0,48000000000.0,48000000000.0
131.0,blue,1064000000.0,0.0,1064000000.0
132.0,red,0.0,48000000000.0,48000000000.0
132.0,blue,1064000000.0,0.0,1064000000.0
133.0,red,0.0,48000000000.0,48000000000.0
133.0,blue,1064000000.0,0.0,1064000000.0
134.0,red,0.0,48000000000.0,48000000000.0
134.0,blue,1064000000.0,0.0,1064000000.0
135.0,red,0.0,48000000000.0,48000000000.0
135.0,blue,1064000000.0,0.0,1064000000.0
136.0,red,0.0,48000000000.0,48000000000.0
136.0,blue,1064000000.0,0.0,1064000000.0
137.0,red,0.0,48000000000.0,48000000000.0
137.0,blue,1064000000.0,0.0,1064000000.0
138.0,red,0.0,48000000000.0,48000000000.0
138.0,blue,1064000000.0,0.0,1064000000.0
139.0,red,0.0,48000000000.0,48000000000.0
139.0,blue,1064000000.0,0.0,1064000000.0
140.0,red,0.0,48000000000.0,48000000000.0
140.0,blue,1064000000.0,0.0,1064000000.0
141.0,red,0.0,48000000000.0,48000000000.0
141.0,blue,1064000000.0,0.0,1064000000.0
142.0,red,0.0,48000000000.0,48000000000.0
142.0,blue,1064000000.0,0.0,1064000000.0
143.0,red,0.0,48000000000.0,48000000000.0
143.0,blue,1064000000.0,0.0,1064000000.0
144.0,red,0.0,48000000000.0,48000000000.0
144.0,blue,1064000000.0,0.0,1064000000.0
145.0,red,0.0,48000000000.0,48000000000.0
145.0,blue,1064000000.0,0.0,1064000000.0
146.0,red,0.0,48000000000.0,48000000000.0
146.0,blue,1064000000.0,0.0,1064000000.0
147.0,red,0.0,48000000000.0,48000000000.0
147.0,blue,1064000000.0,0.0,1064000000.0
148.0,red,0.0,48000000000.0,48000000000.0
148.0,blue,1064000000.0,0.0,1064000000.0
149.0,red,0.0,48000000000.0,48000000000.0
149.0,blue,1064000000.0,0.0,1064000000.0
150.0,red,0.0,48000000000.0,48000000000.0
150.0,blue,1064000000.0,0.0,1064000000.0
151.0,red,0.0,48000000000.0,48000000000.0
151.0,blue,1064000000.0,0.0,1064000000.0
152.0,red,0.0,48000000000.0,48000000000.0
152.0,blue,1064000000.0,0.0,1064000000.0
153.0,red,0.0,48000000000.0,48000000000.0
153.0,blue,1064000000.0,0.0,1064000000.0
154.0,red,0.0,48000000000.0,48000000000.0
154.0,blue,1064000000.0,0.0,1064000000.0
155.0,red,0.0,48000000000.0,48000000000.0
155.0,blue,1064000000.0,0.0,1064000000.0
156.0,red,0.0,48000000000.0,48000000000.0
156.0,blue,1064000000.0,0.0,1064000000.0
157.0,red,0.0,48000000000.0,48000000000.0
157.0,blue,1064000000.0,0.0,1064000000.0
158.0,red,0.0,48000000000.0,48000000000.0
158.0,blue,1064000000.0,0.0,1064000000.0
159.0,red,0.0,48000000000.0,48000000000.0
159.0,blue,1064000000.0,0.0,1064000000.0
160.0,red,0.0,48000000000.0,48000000000.0
160.0,blue,1064000000.0,0.0,1064000000.0
161.0,red,0.0,48000000000.0,48000000000.0
161.0,blue,1064000000.0,0.0,1064000000.0
162.0,red,0.0,48000000000.0,48000000000.0
162.0,blue,1064000000.0,0.0,1064000000.0
163.0,red,0.0,48000000000.0,48000000000.0
163.0,blue,1064000000.0,0.0,1064000000.0
164.0,red,0.0,48000000000.0,48000000000.0
164.0,blue,1064000000.0,0.0,1064000000.0
165.0,red,0.0,48000000000.0,48000000000.0
165.0,blue,1064000000.0,0.0,1064000000.0
166.0,red,0.0,48000000000.0,48000000000.0
166.0,blue,1064000000.0,0.0,1064000000.0
167.0,red,0.0,48000000000.0,48000000000.0
167.0,blue,1064000000.0,0.0,1064000000.0
168.0,red,0.0,48000000000.0,48000000000.0
168.0,blue,1064000000.0,0.0,1064000000.0
169.0,red,0.0,48000000000.0,48000000000.0
169.0,blue,1064000000.0,0.0,1064000000.0
170.0,red,0.0,48000000000.0,48000000000.0
170.0,blue,1064000000.0,0.0,1064000000.0
171.0,red,0.0,48000000000.0,48000000000.0
171.0,blue,1064000000.0,0.0,1064000000.0
172.0,red,0.0,48000000000.0,48000000000.0
172.0,blue,1064000000.0,0.0,1064000000.0
173.0,red,0.0,48000000000.0,48000000000.0
173.0,blue,1064000000.0,0.0,1064000000.0
174.0,red,0.0,48000000000.0,48000000000.0
174.0,blue,1064000000.0,0.0,1064000000.0
175.0,red,0.0,48000000000.0,48000000000.0
175.0,blue,1064000000.0,0.0,1064000000.0
176.0,red,0.0,48000000000.0,48000000000.0
176.0,blue,1064000000.0,0.0,1064000000.0
177.0,red,0.0,48000000000.0,48000000000.0
177.0,blue,1064000000.0,0.0,1064000000.0
178.0,red,0.0,48000000000.0,48000000000.0
178.0,blue,1064000000.0,0.0,1064000000.0
179.0,red,0.0,48000000000.0,48000000000.0
179.0,blue,1064000000.0,0.0,1064000000.0
180.0,red,0.0,48000000000.0,48000000000.0
180.0,blue,1064000000.0,0.0,1064000000.0
181.0,red,0.0,48000000000.0,48000000000.0
181.0,blue,1064000000.0,0.0,1064000000.0
182.0,red,0.0,48000000000.0,48000000000.0
182.0,blue,1064000000.0,0.0,1064000000.0
183.0,red,0.0,48000000000.0,48000000000.0
183.0,blue,1064000000.0,0.0,1064000000.0
184.0,red,0.0,48000000000.0,48000000000.0
184.0,blue,1064000000.0,0.0,1064000000.0
185.0,red,0.0,48000000000.0,48000000000.0
185.0,blue,1064000000.0,0.0,1064000000.0
186.0,red,0.0,48000000000.0,48000000000.0
186.0,blue,1064000000.0,0.0,1064000000.0
187.0,red,0.0,48000000000.0,48000000000.0
187.0,blue,1064000000.0,0.0,1064000000.0
188.0,red,0.0,48000000000.0,48000000000.0
188.0,blue,1064000000.0,0.0,1064000000.0
189.0,red,0.0,48000000000.0,48000000000.0
189.0,blue,1064000000.0,0.0,1064000000.0
190.0,red,0.0,48000000000.0,48000000000.0
190.0,blue,1064000000.0,0.0,1064000000.0
191.0,red,0.0,48000000000.0,48000000000.0
191.0,blue,1064000000.0,0.0,1064000000.0
192.0,red,0.0,48000000000.0,48000000000.0
192.0,blue,1064000000.0,0.0,1064000000.0
193.0,red,0.0,48000000000.0,48000000000.0
193.0,blue,1064000000.0,0.0,1064000000.0
194.0,red,0.0,48000000000.0,48000000000.0
194.0,blue,1064000000.0,0.0,1064000000.0
195.0,red,0.0,48000000000.0,48000000000.0
195.0,blue,1064000000.0,0.0,1064000000.0
196.0,red,0.0,48000000000.0,48000000000.0
196.0,blue,1064000000.0,0.0,1064000000.0
197.0,red,0.0,48000000000.0,48000000000.0
197.0,blue,1064000000.0,0.0,1064000000.0
198.0,red,0.0,48000000000.0,48000000000.0
198.0,blue,1064000000.0,0.0,1064000000.0
199.0,red,0.0,48000000000.0,48000000000.0
199.0,blue,1064000000.0,0.0,1064000000.0
200.0,red,0.0,48000000000.0,48000000000.0
200.0,blue,1064000000.0,0.0,1064000000.0
201.0,red,0.0,48000000000.0,48000000000.0
201.0,blue,1064000000.0,0.0,1064000000.0
202.0,red,0.0,48000000000.0,48000000000.0
202.0,blue,1064000000.0,0.0,1064000000.0
203.0,red,0.0,48000000000.0,48000000000.0
203.0,blue,1064000000.0,0.0,1064000000.0
204.0,red,0.0,48000000000.0,48000000000.0
204.0,blue,1064000000.0,0.0,1064000000.0
205.0,red,0.0,48000000000.0,48000000000.0
205.0,blue,1064000000.0,0.0,1064000000.0
206.0,red,0.0,48000000000.0,48000000000.0
206.0,blue,1064000000.0,0.0,1064000000.0
207.0,red,0.0,48000000000.0,48000000000.0
207.0,blue,1064000000.0,0.0,1064000000.0
208.0,red,0.0,48000000000.0,48000000000.0
208.0,blue,1064000000.0,0.0,1064000000.0
209.0,red,0.0,48000000000.0,48000000000.0
209.0,blue,1064000000.0,0.0,1064000000.0
210.0,red,0.0,48000000000.0,48000000000.0
210.0,blue,1064000000.0,0.0,1064000000.0
211.0,red,0.0,48000000000.0,48000000000.0
211.0,blue,1064000000.0,0.0,1064000000.0
212.0,red,0.0,48000000000.0,48000000000.0
212.0,blue,1064000000.0,0.0,1064000000.0
213.0,red,0.0,48000000000.0,48000000000.0
213.0,blue,1064000000.0,0.0,1064000000.0
214.0,red,0.0,48000000000.0,48000000000.0
214.0,blue,1064000000.0,0.0,1064000000.0
215.0,red,0.0,48000000000.0,48000000000.0
215.0,blue,1064000000.0,0.0,1064000000.0
216.0,red,0.0,48000000000.0,48000000000.0
216.0,blue,1064000000.0,0.0,1064000000.0
217.0,red,0.0,48000000000.0,48000000000.0
217.0,blue,1064000000.0,0.0,1064000000.0
218.0,red,0.0,48000000000.0,48000000000.0
218.0,blue,1064000000.0,0.0,1064000000.0
219.0,red,0.0,48000000000.0,48000000000.0
219.0,blue,1064000000.0,0.0,1064000000.0
220.0,red,0.0,48000000000.0,48000000000.0
220.0,blue,1064000000.0,0.0,1064000000.0
221.0,red,0.0,48000000000.0,48000000000.0
221.0,blue,1064000000.0,0.0,1064000000.0
222.0,red,0.0,48000000000.0,48000000000.0
222.0,blue,1064000000.0,0.0,1064000000.0
223.0,red,0.0,48000000000.0,48000000000.0
223.0,blue,1064000000.0,0.0,1064000000.0
224.0,red,0.0,48000000000.0,48000000000.0
224.0,blue,1064000000.0,0.0,1064000000.0
225.0,red,0.0,48000000000.0,48000000000.0
225.0,blue,1064000000.0,0.0,1064000000.0
226.0,red,0.0,48000000000.0,48000000000.0
226.0,blue,1064000000.0,0.0,1064000000.0
227.0,red,0.0,48000000000.0,48000000000.0
227.0,blue,1064000000.0,0.0,1064000000.0
228.0,red,0.0,48000000000.0,48000000000.0
228.0,blue,1064000000.0,0.0,1064000000.0
229.0,red,0.0,48000000000.0,48000000000.0
229.0,blue,1064000000.0,0.0,1064000000.0
230.0,red,0.0,48000000000.0,48000000000.0
230.0,blue,1064000000.0,0.0,1064000000.0
231.0,red,0.0,48000000000.0,48000000000.0
231.0,blue,1064000000.0,0.0,1064000000.0
232.0,red,0.0,48000000000.0,48000000000.0
232.0,blue,1064000000.0,0.0,1064000000.0
233.0,red,0.0,48000000000.0,48000000000.0
233.0,blue,1064000000.0,0.0,1064000000.0
234.0,red,0.0,48000000000.0,48000000000.0
234.0,blue,1064000000.0,0.0,1064000000.0
235.0,red,0.0,48000000000.0,48000000000.0
235.0,blue,1064000000.0,0.0,1064000000.0
236.0,red,0.0,48000000000.0,48000000000.0
236.0,blue,1064000000.0,0.0,1064000000.0
237.0,red,0.0,48000000000.0,48000000000.0
237.0,blue,1064000000.0,0.0,1064000000.0
238.0,red,0.0,48000000000.0,48000000000.0
238.0,blue,1064000000.0,0.0,1064000000.0
239.0,red,0.0,48000000000.0,48000000000.0
239.0,blue,1064000000.0,0.0,1064000000.0
240.0,red,0.0,48000000000.0,48000000000.0
240.0,blue,1064000000.0,0.0,1064000000.0
241.0,red,0.0,48000000000.0,48000000000.0
241.0,blue,1064000000.0,0.0,1064000000.0
242.0,red,0.0,48000000000.0,48000000000.0
242.0,blue,1064000000.0,0.0,1064000000.0
243.0,red,0.0,48000000000.0,48000000000.0
243.0,blue,1064000000.0,0.0,1064000000.0
244.0,red,0.0,48000000000.0,48000000000.0
244.0,blue,1064000000.0,0.0,1064000000.0
245.0,red,0.0,48000000000.0,48000000000.0
245.0,blue,1064000000.0,0.0,1064000000.0
246.0,red,0.0,48000000000.0,48000000000.0
246.0,blue,1064000000.0,0.0,1064000000.0
247.0,red,0.0,48000000000.0,48000000000.0
247.0,blue,1064000000.0,0.0,1064000000.0
248.0,red,0.0,48000000000.0,48000000000.0
248.0,blue,1064000000.0,0.0,1064000000.0
249.0,red,0.0,52000000000.0,52000000000.0
249.0,blue,1066000000.0,0.0,1066000000.0
250.0,red,0.0,52000000000.0,52000000000.0
250.0,blue,1066000000.0,0.0,1066000000.0
251.0,red,0.0,52000000000.0,52000000000.0
251.0,blue,1066000000.0,0.0,1066000000.0
252.0,red,0.0,52000000000.0,52000000000.0
252.0,blue,1066000000.0,0.0,1066000000.0
253.0,red,0.0,52000000000.0,52000000000.0
253.0,blue,1066000000.0,0.0,1066000000.0
254.0,red,0.0,52000000000.0,52000000000.0
254.0,blue,1066000000.0,0.0,1066000000.0
255.0,red,0.0,52000000000.0,52000000000.0
255.0,blue,1066000000.0,0.0,1066000000.0
256.0,red,0.0,52000000000.0,52000000000.0
256.0,blue,1070000000.0,0.0,1070000000.0
257.0,red,0.0,52000000000.0,52000000000.0
257.0,blue,1070000000.0,0.0,1070000000.0
258.0,red,0.0,52000000000.0,52000000000.0
258.0,blue,1074000000.0,0.0,1074000000.0
259.0,red,0.0,52000000000.0,52000000000.0
259.0,blue,1074000000.0,0.0,1074000000.0
260.0,red,0.0,52000000000.0,52000000000.0
260.0,blue,1074000000.0,0.0,1074000000.0
261.0,red,0.0,52000000000.0,52000000000.0
261.0,blue,1074000000.0,0.0,1074000000.0
262.0,red,0.0,52000000000.0,52000000000.0
262.0,blue,1078000000.0,0.0,1078000000.0
263.0,red,0.0,52000000000.0,52000000000.0
263.0,blue,1078000000.0,0.0,1078000000.0
264.0,red,0.0,52000000000.0,52000000000.0
264.0,blue,1078000000.0,0.0,1078000000.0
265.0,red,0.0,52000000000.0,52000000000.0
265.0,blue,1078000000.0,0.0,1078000000.0
266.0,red,0.0,52000000000.0,52000000000.0
266.0,blue,1078000000.0,0.0,1078000000.0
267.0,red,0.0,52000000000.0,52000000000.0
267.0,blue,1078000000.0,0.0,1078000000.0
268.0,red,0.0,52000000000.0,52000000000.0
268.0,blue,1078000000.0,0.0,1078000000.0
269.0,red,0.0,52000000000.0,52000000000.0
269.0,blue,1078000000.0,0.0,1078000000.0
270.0,red,0.0,52000000000.0,52000000000.0
270.0,blue,1078000000.0,0.0,1078000000.0
271.0,red,0.0,52000000000.0,52000000000.0
271.0,blue,1078000000.0,0.0,1078000000.0
272.0,red,0.0,52000000000.0,52000000000.0
272.0,blue,1078000000.0,0.0,1078000000.0
273.0,red,0.0,52000000000.0,52000000000.0
273.0,blue,1078000000.0,0.0,1078000000.0
274.0,red,0.0,52000000000.0,52000000000.0
274.0,blue,1078000000.0,0.0,1078000000.0
275.0,red,0.0,52000000000.0,52000000000.0
275.0,blue,1078000000.0,0.0,1078000000.0
276.0,red,0.0,52000000000.0,52000000000.0
276.0,blue,1078000000.0,0.0,1078000000.0
277.0,red,0.0,52000000000.0,52000000000.0
277.0,blue,1078000000.0,0.0,1078000000.0
278.0,red,0.0,52000000000.0,52000000000.0
278.0,blue,1078000000.0,0.0,1078000000.0
279.0,red,0.0,52000000000.0,52000000000.0
279.0,blue,1078000000.0,0.0,1078000000.0
280.0,red,0.0,52000000000.0,52000000000.0
280.0,blue,1078000000.0,0.0,1078000000.0
281.0,red,0.0,52000000000.0,52000000000.0
281.0,blue,1078000000.0,0.0,1078000000.0
282.0,red,0.0,52000000000.0,52000000000.0
282.0,blue,1078000000.0,0.0,1078000000.0
283.0,red,0.0,52000000000.0,52000000000.0
283.0,blue,1078000000.0,0.0,1078000000.0
284.0,red,0.0,52000000000.0,52000000000.0
284.0,blue,1078000000.0,0.0,1078000000.0
285.0,red,0.0,52000000000.0,52000000000.0
285.0,blue,1078000000.0,0.0,1078000000.0
286.0,red,0.0,52000000000.0,52000000000.0
286.0,blue,1078000000.0,0.0,1078000000.0
287.0,red,0.0,52000000000.0,52000000000.0
287.0,blue,1078000000.0,0.0,1078000000.0
288.0,red,0.0,52000000000.0,52000000000.0
288.0,blue,1078000000.0,0.0,1078000000.0
289.0,red,0.0,52000000000.0,52000000000.0
289.0,blue,1078000000.0,0.0,1078000000.0
290.0,red,0.0,52000000000.0,52000000000.0
290.0,blue,1078000000.0,0.0,1078000000.0
291.0,red,0.0,52000000000.0,52000000000.0
291.0,blue,1078000000.0,0.0,1078000000.0
292.0,red,0.0,52000000000.0,52000000000.0
292.0,blue,1078000000.0,0.0,1078000000.0
293.0,red,0.0,52000000000.0,52000000000.0
293.0,blue,1078000000.0,0.0,1078000000.0
294.0,red,0.0,52000000000.0,52000000000.0
294.0,blue,1078000000.0,0.0,1078000000.0
295.0,red,0.0,52000000000.0,52000000000.0
295.0,blue,1078000000.0,0.0,1078000000.0
296.0,red,0.0,52000000000.0,52000000000.0
296.0,blue,1078000000.0,0.0,1078000000.0
297.0,red,0.0,52000000000.0,52000000000.0
297.0,blue,1078000000.0,0.0,1078000000.0
298.0,red,0.0,52000000000.0,52000000000.0
298.0,blue,1078000000.0,0.0,1078000000.0
299.0,red,0.0,52000000000.0,52000000000.0
299.0,blue,1078000000.0,0.0,1078000000.0
300.0,red,0.0,52000000000.0,52000000000.0
300.0,blue,1078000000.0,0.0,1078000000.0
301.0,red,0.0,52000000000.0,52000000000.0
301.0,blue,1078000000.0,0.0,1078000000.0
302.0,red,0.0,52000000000.0,52000000000.0
302.0,blue,1078000000.0,0.0,1078000000.0
303.0,red,0.0,52000000000.0,52000000000.0
303.0,blue,1078000000.0,0.0,1078000000.0
304.0,red,0.0,52000000000.0,52000000000.0
304.0,blue,1078000000.0,0.0,1078000000.0
305.0,red,0.0,52000000000.0,52000000000.0
305.0,blue,1078000000.0,0.0,1078000000.0
306.0,red,0.0,52000000000.0,52000000000.0
306.0,blue,1078000000.0,0.0,1078000000.0
307.0,red,0.0,52000000000.0,52000000000.0
307.0,blue,1078000000.0,0.0,1078000000.0
308.0,red,0.0,52000000000.0,52000000000.0
308.0,blue,1078000000.0,0.0,1078000000.0
309.0,red,0.0,52000000000.0,52000000000.0
309.0,blue,1078000000.0,0.0,1078000000.0
310.0,red,0.0,52000000000.0,52000000000.0
310.0,blue,1078000000.0,0.0,1078000000.0
311.0,red,0.0,52000000000.0,52000000000.0
311.0,blue,1078000000.0,0.0,1078000000.0
312.0,red,0.0,52000000000.0,52000000000.0
312.0,blue,1078000000.0,0.0,1078000000.0
313.0,red,0.0,52000000000.0,52000000000.0
313.0,blue,1078000000.0,0.0,1078000000.0
314.0,red,0.0,52000000000.0,52000000000.0
314.0,blue,1078000000.0,0.0,1078000000.0
315.0,red,0.0,52000000000.0,52000000000.0
315.0,blue,1078000000.0,0.0,1078000000.0
316.0,red,0.0,52000000000.0,52000000000.0
316.0,blue,1078000000.0,0.0,1078000000.0
317.0,red,0.0,52000000000.0,52000000000.0
317.0,blue,1078000000.0,0.0,1078000000.0
318.0,red,0.0,52000000000.0,52000000000.0
318.0,blue,1078000000.0,0.0,1078000000.0
319.0,red,0.0,52000000000.0,52000000000.0
319.0,blue,1078000000.0,0.0,1078000000.0
320.0,red,0.0,52000000000.0,52000000000.0
320.0,blue,1078000000.0,0.0,1078000000.0
321.0,red,0.0,52000000000.0,52000000000.0
321.0,blue,1078000000.0,0.0,1078000000.0
322.0,red,0.0,52000000000.0,52000000000.0
322.0,blue,1078000000.0,0.0,1078000000.0
323.0,red,0.0,52000000000.0,52000000000.0
323.0,blue,1078000000.0,0.0,1078000000.0
324.0,red,0.0,52000000000.0,52000000000.0
324.0,blue,1078000000.0,0.0,1078000000.0
325.0,red,0.0,52000000000.0,52000000000.0
325.0,blue,1078000000.0,0.0,1078000000.0
326.0,red,0.0,52000000000.0,52000000000.0
326.0,blue,1078000000.0,0.0,1078000000.0
327.0,red,0.0,52000000000.0,52000000000.0
327.0,blue,1078000000.0,0.0,1078000000.0
328.0,red,0.0,52000000000.0,52000000000.0
328.0,blue,1078000000.0,0.0,1078000000.0
329.0,red,0.0,52000000000.0,52000000000.0
329.0,blue,1078000000.0,0.0,1078000000.0
330.0,red,0.0,52000000000.0,52000000000.0
330.0,blue,1078000000.0,0.0,1078000000.0
331.0,red,0.0,52000000000.0,52000000000.0
331.0,blue,1078000000.0,0.0,1078000000.0
332.0,red,0.0,52000000000.0,52000000000.0
332.0,blue,1078000000.0,0.0,1078000000.0
333.0,red,0.0,52000000000.0,52000000000.0
333.0,blue,1078000000.0,0.0,1078000000.0
334.0,red,0.0,52000000000.0,52000000000.0
334.0,blue,1078000000.0,0.0,1078000000.0
335.0,red,0.0,52000000000.0,52000000000.0
335.0,blue,1078000000.0,0.0,1078000000.0
336.0,red,0.0,52000000000.0,52000000000.0
336.0,blue,1078000000.0,0.0,1078000000.0
337.0,red,0.0,52000000000.0,52000000000.0
337.0,blue,1078000000.0,0.0,1078000000.0
338.0,red,0.0,52000000000.0,52000000000.0
338.0,blue,1078000000.0,0.0,1078000000.0
339.0,red,0.0,52000000000.0,52000000000.0
339.0,blue,1078000000.0,0.0,1078000000.0
340.0,red,0.0,52000000000.0,52000000000.0
340.0,blue,1078000000.0,0.0,1078000000.0
341.0,red,0.0,52000000000.0,52000000000.0
341.0,blue,1078000000.0,0.0,1078000000.0
342.0,red,0.0,52000000000.0,52000000000.0
342.0,blue,1078000000.0,0.0,1078000000.0
343.0,red,0.0,52000000000.0,52000000000.0
343.0,blue,1078000000.0,0.0,1078000000.0
344.0,red,0.0,52000000000.0,52000000000.0
344.0,blue,1078000000.0,0.0,1078000000.0
345.0,red,0.0,52000000000.0,52000000000.0
345.0,blue,1078000000.0,0.0,1078000000.0
346.0,red,0.0,52000000000.0,52000000000.0
346.0,blue,1078000000.0,0.0,1078000000.0
347.0,red,0.0,52000000000.0,52000000000.0
347.0,blue,1078000000.0,0.0,1078000000.0
348.0,red,0.0,52000000000.0,52000000000.0
348.0,blue,1078000000.0,0.0,1078000000.0
349.0,red,0.0,52000000000.0,52000000000.0
349.0,blue,1078000000.0,0.0,1078000000.0
350.0,red,0.0,52000000000.0,52000000000.0
350.0,blue,1078000000.0,0.0,1078000000.0
351.0,red,0.0,52000000000.0,52000000000.0
351.0,blue,1078000000.0,0.0,1078000000.0
352.0,red,0.0,52000000000.0,52000000000.0
352.0,blue,1078000000.0,0.0,1078000000.0
353.0,red,0.0,52000000000.0,52000000000.0
353.0,blue,1078000000.0,0.0,1078000000.0
354.0,red,0.0,52000000000.0,52000000000.0
354.0,blue,1078000000.0,0.0,1078000000.0
355.0,red,0.0,52000000000.0,52000000000.0
355.0,blue,1078000000.0,0.0,1078000000.0
356.0,red,0.0,52000000000.0,52000000000.0
356.0,blue,1078000000.0,0.0,1078000000.0
357.0,red,0.0,52000000000.0,52000000000.0
357.0,blue,1078000000.0,0.0,1078000000.0
358.0,red,0.0,52000000000.0,52000000000.0
358.0,blue,1078000000.0,0.0,1078000000.0
359.0,red,0.0,52000000000.0,52000000000.0
359.0,blue,1078000000.0,0.0,1078000000.0
360.0,red,0.0,52000000000.0,52000000000.0
360.0,blue,1078000000.0,0.0,1078000000.0
361.0,red,0.0,52000000000.0,52000000000.0
361.0,blue,1078000000.0,0.0,1078000000.0
362.0,red,0.0,52000000000.0,52000000000.0
362.0,blue,1078000000.0,0.0,1078000000.0
363.0,red,0.0,52000000000.0,52000000000.0
363.0,blue,1078000000.0,0.0,1078000000.0
364.0,red,0.0,52000000000.0,52000000000.0
364.0,blue,1078000000.0,0.0,1078000000.0
365.0,red,0.0,52000000000.0,52000000000.0
365.0,blue,1078000000.0,0.0,1078000000.0
366.0,red,0.0,52000000000.0,52000000000.0
366.0,blue,1078000000.0,0.0,1078000000.0
367.0,red,0.0,52000000000.0,52000000000.0
367.0,blue,1078000000.0,0.0,1078000000.0
368.0,red,0.0,52000000000.0,52000000000.0
368.0,blue,1078000000.0,0.0,1078000000.0
369.0,red,0.0,52000000000.0,52000000000.0
369.0,blue,1078000000.0,0.0,1078000000.0
370.0,red,0.0,52000000000.0,52000000000.0
370.0,blue,1078000000.0,0.0,1078000000.0
371.0,red,0.0,52000000000.0,52000000000.0
371.0,blue,1078000000.0,0.0,1078000000.0
372.0,red,0.0,52000000000.0,52000000000.0
372.0,blue,1078000000.0,0.0,1078000000.0
373.0,red,0.0,52000000000.0,52000000000.0
373.0,blue,1078000000.0,0.0,1078000000.0
374.0,red,0.0,52000000000.0,52000000000.0
374.0,blue,1078000000.0,0.0,1078000000.0
375.0,red,0.0,52000000000.0,52000000000.0
375.0,blue,1078000000.0,0.0,1078000000.0
376.0,red,0.0,52000000000.0,52000000000.0
376.0,blue,1078000000.0,0.0,1078000000.0
377.0,red,0.0,52000000000.0,52000000000.0
377.0,blue,1078000000.0,0.0,1078000000.0
378.0,red,0.0,52000000000.0,52000000000.0
378.0,blue,1078000000.0,0.0,1078000000.0
379.0,red,0.0,52000000000.0,52000000000.0
379.0,blue,1078000000.0,0.0,1078000000.0
380.0,red,0.0,52000000000.0,52000000000.0
380.0,blue,1078000000.0,0.0,1078000000.0
381.0,red,0.0,52000000000.0,52000000000.0
381.0,blue,1078000000.0,0.0,1078000000.0
382.0,red,0.0,52000000000.0,52000000000.0
382.0,blue,1078000000.0,0.0,1078000000.0
383.0,red,0.0,52000000000.0,52000000000.0
383.0,blue,1078000000.0,0.0,1078000000.0
384.0,red,0.0,52000000000.0,52000000000.0
384.0,blue,1078000000.0,0.0,1078000000.0
385.0,red,0.0,52000000000.0,52000000000.0
385.0,blue,1078000000.0,0.0,1078000000.0
386.0,red,0.0,52000000000.0,52000000000.0
386.0,blue,1078000000.0,0.0,1078000000.0
387.0,red,0.0,52000000000.0,52000000000.0
387.0,blue,1078000000.0,0.0,1078000000.0
388.0,red,0.0,52000000000.0,52000000000.0
388.0,blue,1078000000.0,0.0,1078000000.0
389.0,red,0.0,52000000000.0,52000000000.0
389.0,blue,1078000000.0,0.0,1078000000.0
390.0,red,0.0,52000000000.0,52000000000.0
390.0,blue,1078000000.0,0.0,1078000000.0
391.0,red,0.0,52000000000.0,52000000000.0
391.0,blue,1078000000.0,0.0,1078000000.0
392.0,red,0.0,52000000000.0,52000000000.0
392.0,blue,1078000000.0,0.0,1078000000.0
393.0,red,0.0,52000000000.0,52000000000.0
393.0,blue,1078000000.0,0.0,1078000000.0
394.0,red,0.0,52000000000.0,52000000000.0
394.0,blue,1078000000.0,0.0,1078000000.0
395.0,red,0.0,52000000000.0,52000000000.0
395.0,blue,1078000000.0,0.0,1078000000.0
396.0,red,0.0,52000000000.0,52000000000.0
396.0,blue,1078000000.0,0.0,1078000000.0
397.0,red,0.0,52000000000.0,52000000000.0
397.0,blue,1078000000.0,0.0,1078000000.0
398.0,red,0.0,52000000000.0,52000000000.0
398.0,blue,1078000000.0,0.0,1078000000.0
399.0,red,0.0,52000000000.0,52000000000.0
399.0,blue,1078000000.0,0.0,1078000000.0
400.0,red,0.0,52000000000.0,52000000000.0
400.0,blue,1078000000.0,0.0,1078000000.0
401.0,red,0.0,52000000000.0,52000000000.0
401.0,blue,1078000000.0,0.0,1078000000.0
402.0,red,0.0,52000000000.0,52000000000.0
402.0,blue,1078000000.0,0.0,1078000000.0
403.0,red,0.0,52000000000.0,52000000000.0
403.0,blue,1078000000.0,0.0,1078000000.0
404.0,red,0.0,52000000000.0,52000000000.0
404.0,blue,1078000000.0,0.0,1078000000.0
405.0,red,0.0,52000000000.0,52000000000.0
405.0,blue,1078000000.0,0.0,1078000000.0
406.0,red,0.0,52000000000.0,52000000000.0
406.0,blue,1078000000.0,0.0,1078000000.0
407.0,red,0.0,52000000000.0,52000000000.0
407.0,blue,1078000000.0,0.0,1078000000.0
408.0,red,0.0,52000000000.0,52000000000.0
408.0,blue,1078000000.0,0.0,1078000000.0
409.0,red,0.0,52000000000.0,52000000000.0
409.0,blue,1078000000.0,0.0,1078000000.0
410.0,red,0.0,52000000000.0,52000000000.0
410.0,blue,1078000000.0,0.0,1078000000.0
411.0,red,0.0,52000000000.0,52000000000.0
411.0,blue,1078000000.0,0.0,1078000000.0
412.0,red,0.0,52000000000.0,52000000000.0
412.0,blue,1078000000.0,0.0,1078000000.0
413.0,red,0.0,52000000000.0,52000000000.0
413.0,blue,1078000000.0,0.0,1078000000.0
414.0,red,0.0,52000000000.0,52000000000.0
414.0,blue,1078000000.0,0.0,1078000000.0
415.0,red,0.0,52000000000.0,52000000000.0
415.0,blue,1078000000.0,0.0,1078000000.0
416.0,red,0.0,52000000000.0,52000000000.0
416.0,blue,1078000000.0,0.0,1078000000.0
417.0,red,0.0,52000000000.0,52000000000.0
417.0,blue,1078000000.0,0.0,1078000000.0
418.0,red,0.0,52000000000.0,52000000000.0
418.0,blue,1078000000.0,0.0,1078000000.0
419.0,red,0.0,52000000000.0,52000000000.0
419.0,blue,1078000000.0,0.0,1078000000.0
420.0,red,0.0,52000000000.0,52000000000.0
420.0,blue,1078000000.0,0.0,1078000000.0
421.0,red,0.0,52000000000.0,52000000000.0
421.0,blue,1078000000.0,0.0,1078000000.0
422.0,red,0.0,52000000000.0,52000000000.0
422.0,blue,1078000000.0,0.0,1078000000.0
423.0,red,0.0,52000000000.0,52000000000.0
423.0,blue,1078000000.0,0.0,1078000000.0
424.0,red,0.0,52000000000.0,52000000000.0
424.0,blue,1078000000.0,0.0,1078000000.0
425.0,red,0.0,52000000000.0,52000000000.0
425.0,blue,1078000000.0,0.0,1078000000.0
426.0,red,0.0,52000000000.0,52000000000.0
426.0,blue,1078000000.0,0.0,1078000000.0
427.0,red,0.0,52000000000.0,52000000000.0
427.0,blue,1078000000.0,0.0,1078000000.0
428.0,red,0.0,52000000000.0,52000000000.0
428.0,blue,1078000000.0,0.0,1078000000.0
429.0,red,0.0,52000000000.0,52000000000.0
429.0,blue,1078000000.0,0.0,1078000000.0
430.0,red,0.0,52000000000.0,52000000000.0
430.0,blue,1080000000.0,0.0,1080000000.0
431.0,red,0.0,52000000000.0,52000000000.0
431.0,blue,1080000000.0,0.0,1080000000.0
432.0,red,0.0,52000000000.0,52000000000.0
432.0,blue,1080000000.0,0.0,1080000000.0
433.0,red,0.0,52000000000.0,52000000000.0
433.0,blue,1080000000.0,0.0,1080000000.0
434.0,red,0.0,52000000000.0,52000000000.0
434.0,blue,1080000000.0,0.0,1080000000.0
435.0,red,0.0,52000000000.0,52000000000.0
435.0,blue,1080000000.0,0.0,1080000000.0
436.0,red,0.0,52000000000.0,52000000000.0
436.0,blue,1084000000.0,0.0,1084000000.0
437.0,red,0.0,52000000000.0,52000000000.0
437.0,blue,1088000000.0,0.0,1088000000.0
438.0,red,0.0,52000000000.0,52000000000.0
438.0,blue,1096000000.0,0.0,1096000000.0
439.0,red,0.0,52000000000.0,52000000000.0
439.0,blue,1096000000.0,0.0,1096000000.0
440.0,red,0.0,52000000000.0,52000000000.0
440.0,blue,1096000000.0,0.0,1096000000.0
441.0,red,0.0,52000000000.0,52000000000.0
441.0,blue,1100000000.0,0.0,1100000000.0
442.0,red,0.0,52000000000.0,52000000000.0
442.0,blue,1104000000.0,0.0,1104000000.0
443.0,red,0.0,52000000000.0,52000000000.0
443.0,blue,1116000000.0,0.0,1116000000.0
444.0,red,0.0,52000000000.0,52000000000.0
444.0,blue,1120000000.0,0.0,1120000000.0
445.0,red,0.0,52000000000.0,52000000000.0
445.0,blue,1120000000.0,0.0,1120000000.0
446.0,red,0.0,52000000000.0,52000000000.0
446.0,blue,1128000000.0,0.0,1128000000.0
447.0,red,0.0,52000000000.0,52000000000.0
447.0,blue,1136000000.0,0.0,1136000000.0
448.0,red,0.0,52000000000.0,52000000000.0
448.0,blue,1136000000.0,0.0,1136000000.0
449.0,red,0.0,52000000000.0,52000000000.0
449.0,blue,1136000000.0,0.0,1136000000.0
450.0,red,0.0,52000000000.0,52000000000.0
450.0,blue,1136000000.0,0.0,1136000000.0
451.0,red,0.0,52000000000.0,52000000000.0
451.0,blue,1140000000.0,0.0,1140000000.0
452.0,red,0.0,52000000000.0,52000000000.0
452.0,blue,1140000000.0,0.0,1140000000.0
453.0,red,0.0,52000000000.0,52000000000.0
453.0,blue,1140000000.0,0.0,1140000000.0
454.0,red,0.0,52000000000.0,52000000000.0
454.0,blue,1140000000.0,0.0,1140000000.0
455.0,red,0.0,52000000000.0,52000000000.0
455.0,blue,1140000000.0,0.0,1140000000.0
456.0,red,0.0,52000000000.0,52000000000.0
456.0,blue,1140000000.0,0.0,1140000000.0
457.0,red,0.0,52000000000.0,52000000000.0
457.0,blue,1140000000.0,0.0,1140000000.0
458.0,red,0.0,52000000000.0,52000000000.0
458.0,blue,1140000000.0,0.0,1140000000.0
459.0,red,0.0,52000000000.0,52000000000.0
459.0,blue,1140000000.0,0.0,1140000000.0
460.0,red,0.0,52000000000.0,52000000000.0
460.0,blue,1140000000.0,0.0,1140000000.0
461.0,red,0.0,52000000000.0,52000000000.0
461.0,blue,1140000000.0,0.0,1140000000.0
462.0,red,0.0,52000000000.0,52000000000.0
462.0,blue,1140000000.0,0.0,1140000000.0
463.0,red,0.0,52000000000.0,52000000000.0
463.0,blue,1140000000.0,0.0,1140000000.0
464.0,red,0.0,52000000000.0,52000000000.0
464.0,blue,1140000000.0,0.0,1140000000.0
465.0,red,0.0,52000000000.0,52000000000.0
465.0,blue,1140000000.0,0.0,1140000000.0
466.0,red,0.0,52000000000.0,52000000000.0
466.0,blue,1140000000.0,0.0,1140000000.0
467.0,red,0.0,52000000000.0,52000000000.0
467.0,blue,1140000000.0,0.0,1140000000.0
468.0,red,0.0,52000000000.0,52000000000.0
468.0,blue,1140000000.0,0.0,1140000000.0
469.0,red,0.0,52000000000.0,52000000000.0
469.0,blue,1140000000.0,0.0,1140000000.0
470.0,red,0.0,52000000000.0,52000000000.0
470.0,blue,1140000000.0,0.0,1140000000.0
471.0,red,0.0,52000000000.0,52000000000.0
471.0,blue,1140000000.0,0.0,1140000000.0
472.0,red,0.0,52000000000.0,52000000000.0
472.0,blue,1140000000.0,0.0,1140000000.0
473.0,red,0.0,52000000000.0,52000000000.0
473.0,blue,1140000000.0,0.0,1140000000.0
474.0,red,0.0,52000000000.0,52000000000.0
474.0,blue,1140000000.0,0.0,1140000000.0
475.0,red,0.0,52000000000.0,52000000000.0
475.0,blue,1140000000.0,0.0,1140000000.0
476.0,red,0.0,52000000000.0,52000000000.0
476.0,blue,1140000000.0,0.0,1140000000.0
477.0,red,0.0,52000000000.0,52000000000.0
477.0,blue,1140000000.0,0.0,1140000000.0
478.0,red,0.0,52000000000.0,52000000000.0
478.0,blue,1140000000.0,0.0,1140000000.0
479.0,red,0.0,52000000000.0,52000000000.0
479.0,blue,1140000000.0,0.0,1140000000.0
480.0,red,0.0,52000000000.0,52000000000.0
480.0,blue,1140000000.0,0.0,1140000000.0
481.0,red,0.0,52000000000.0,52000000000.0
481.0,blue,1140000000.0,0.0,1140000000.0
482.0,red,0.0,52000000000.0,52000000000.0
482.0,blue,1140000000.0,0.0,1140000000.0
483.0,red,0.0,52000000000.0,52000000000.0
483.0,blue,1140000000.0,0.0,1140000000.0
484.0,red,0.0,52000000000.0,52000000000.0
484.0,blue,1140000000.0,0.0,1140000000.0
485.0,red,0.0,52000000000.0,52000000000.0
485.0,blue,1140000000.0,0.0,1140000000.0
486.0,red,0.0,52000000000.0,52000000000.0
486.0,blue,1140000000.0,0.0,1140000000.0
487.0,red,0.0,52000000000.0,52000000000.0
487.0,blue,1140000000.0,0.0,1140000000.0
488.0,red,0.0,52000000000.0,52000000000.0
488.0,blue,1140000000.0,0.0,1140000000.0
489.0,red,0.0,52000000000.0,52000000000.0
489.0,blue,1140000000.0,0.0,1140000000.0
490.0,red,0.0,52000000000.0,52000000000.0
490.0,blue,1140000000.0,0.0,1140000000.0
491.0,red,0.0,52000000000.0,52000000000.0
491.0,blue,1140000000.0,0.0,1140000000.0
492.0,red,0.0,52000000000.0,52000000000.0
492.0,blue,1140000000.0,0.0,1140000000.0
493.0,red,0.0,52000000000.0,52000000000.0
493.0,blue,1140000000.0,0.0,1140000000.0
494.0,red,0.0,52000000000.0,52000000000.0
494.0,blue,1140000000.0,0.0,1140000000.0
495.0,red,0.0,52000000000.0,52000000000.0
495.0,blue,1140000000.0,0.0,1140000000.0
496.0,red,0.0,52000000000.0,52000000000.0
496.0,blue,1140000000.0,0.0,1140000000.0
497.0,red,0.0,52000000000.0,52000000000.0
497.0,blue,1140000000.0,0.0,1140000000.0
498.0,red,0.0,52000000000.0,52000000000.0
498.0,blue,1140000000.0,0.0,1140000000.0
499.0,red,0.0,52000000000.0,52000000000.0
499.0,blue,1140000000.0,0.0,1140000000.0
500.0,red,0.0,52000000000.0,52000000000.0
500.0,blue,1140000000.0,0.0,1140000000.0
501.0,red,0.0,52000000000.0,52000000000.0
501.0,blue,1140000000.0,0.0,1140000000.0
502.0,red,0.0,52000000000.0,52000000000.0
502.0,blue,1140000000.0,0.0,1140000000.0
503.0,red,0.0,52000000000.0,52000000000.0
503.0,blue,1140000000.0,0.0,1140000000.0
504.0,red,0.0,52000000000.0,52000000000.0
504.0,blue,1140000000.0,0.0,1140000000.0
505.0,red,0.0,52000000000.0,52000000000.0
505.0,blue,1140000000.0,0.0,1140000000.0
506.0,red,0.0,52000000000.0,52000000000.0
506.0,blue,1140000000.0,0.0,1140000000.0
507.0,red,0.0,52000000000.0,52000000000.0
507.0,blue,1144000000.0,0.0,1144000000.0
508.0,red,0.0,52000000000.0,52000000000.0
508.0,blue,1148000000.0,0.0,1148000000.0
509.0,red,0.0,52000000000.0,52000000000.0
509.0,blue,1156000000.0,0.0,1156000000.0
510.0,red,0.0,52000000000.0,52000000000.0
510.0,blue,1164000000.0,0.0,1164000000.0
511.0,red,0.0,52000000000.0,52000000000.0
511.0,blue,1164000000.0,0.0,1164000000.0
512.0,red,0.0,52000000000.0,52000000000.0
512.0,blue,1168000000.0,0.0,1168000000.0
513.0,red,0.0,52000000000.0,52000000000.0
513.0,blue,1188000000.0,0.0,1188000000.0
514.0,red,0.0,52000000000.0,52000000000.0
514.0,blue,1196000000.0,0.0,1196000000.0
515.0,red,0.0,52000000000.0,52000000000.0
515.0,blue,1204000000.0,0.0,1204000000.0
516.0,red,0.0,52000000000.0,52000000000.0
516.0,blue,1212000000.0,0.0,1212000000.0
517.0,red,0.0,52000000000.0,52000000000.0
517.0,blue,1220000000.0,0.0,1220000000.0
518.0,red,0.0,56000000000.0,56000000000.0
518.0,blue,1222000000.0,0.0,1222000000.0
519.0,red,0.0,56000000000.0,56000000000.0
519.0,blue,1238000000.0,0.0,1238000000.0
520.0,red,0.0,56000000000.0,56000000000.0
520.0,blue,1242000000.0,0.0,1242000000.0
521.0,red,0.0,56000000000.0,56000000000.0
521.0,blue,1258000000.0,0.0,1258000000.0
522.0,red,0.0,56000000000.0,56000000000.0
522.0,blue,1278000000.0,0.0,1278000000.0
523.0,red,0.0,56000000000.0,56000000000.0
523.0,blue,1282000000.0,0.0,1282000000.0
524.0,red,0.0,56000000000.0,56000000000.0
524.0,blue,1302000000.0,0.0,1302000000.0
525.0,red,0.0,56000000000.0,56000000000.0
525.0,blue,1322000000.0,0.0,1322000000.0
526.0,red,0.0,56000000000.0,56000000000.0
526.0,blue,1342000000.0,0.0,1342000000.0
527.0,red,0.0,56000000000.0,56000000000.0
527.0,blue,1358000000.0,0.0,1358000000.0
528.0,red,0.0,56000000000.0,56000000000.0
528.0,blue,1374000000.0,0.0,1374000000.0
529.0,red,0.0,56000000000.0,56000000000.0
529.0,blue,1374000000.0,0.0,1374000000.0
530.0,red,0.0,56000000000.0,56000000000.0
530.0,blue,1378000000.0,0.0,1378000000.0
531.0,red,0.0,56000000000.0,56000000000.0
531.0,blue,1382000000.0,0.0,1382000000.0
532.0,red,0.0,56000000000.0,56000000000.0
532.0,blue,1382000000.0,0.0,1382000000.0
533.0,red,0.0,56000000000.0,56000000000.0
533.0,blue,1382000000.0,0.0,1382000000.0
534.0,red,0.0,56000000000.0,56000000000.0
534.0,blue,1382000000.0,0.0,1382000000.0
535.0,red,0.0,56000000000.0,56000000000.0
535.0,blue,1382000000.0,0.0,1382000000.0
536.0,red,0.0,56000000000.0,56000000000.0
536.0,blue,1382000000.0,0.0,1382000000.0
537.0,red,0.0,56000000000.0,56000000000.0
537.0,blue,1382000000.0,0.0,1382000000.0
538.0,red,0.0,56000000000.0,56000000000.0
538.0,blue,1382000000.0,0.0,1382000000.0
539.0,red,0.0,56000000000.0,56000000000.0
539.0,blue,1382000000.0,0.0,1382000000.0
540.0,red,0.0,56000000000.0,56000000000.0
540.0,blue,1382000000.0,0.0,1382000000.0
541.0,red,0.0,56000000000.0,56000000000.0
541.0,blue,1382000000.0,0.0,1382000000.0
542.0,red,0.0,56000000000.0,56000000000.0
542.0,blue,1382000000.0,0.0,1382000000.0
543.0,red,0.0,56000000000.0,56000000000.0
543.0,blue,1382000000.0,0.0,1382000000.0
544.0,red,0.0,56000000000.0,56000000000.0
544.0,blue,1382000000.0,0.0,1382000000.0
545.0,red,0.0,56000000000.0,56000000000.0
545.0,blue,1382000000.0,0.0,1382000000.0
546.0,red,0.0,56000000000.0,56000000000.0
546.0,blue,1382000000.0,0.0,1382000000.0
547.0,red,0.0,56000000000.0,56000000000.0
547.0,blue,1382000000.0,0.0,1382000000.0
548.0,red,0.0,56000000000.0,56000000000.0
548.0,blue,1382000000.0,0.0,1382000000.0
549.0,red,0.0,56000000000.0,56000000000.0
549.0,blue,1382000000.0,0.0,1382000000.0
550.0,red,0.0,56000000000.0,56000000000.0
550.0,blue,1382000000.0,0.0,1382000000.0
551.0,red,0.0,56000000000.0,56000000000.0
551.0,blue,1382000000.0,0.0,1382000000.0
552.0,red,0.0,56000000000.0,56000000000.0
552.0,blue,1382000000.0,0.0,1382000000.0
553.0,red,0.0,56000000000.0,56000000000.0
553.0,blue,1382000000.0,0.0,1382000000.0
554.0,red,0.0,56000000000.0,56000000000.0
554.0,blue,1382000000.0,0.0,1382000000.0
555.0,red,0.0,56000000000.0,56000000000.0
555.0,blue,1382000000.0,0.0,1382000000.0
556.0,red,0.0,56000000000.0,56000000000.0
556.0,blue,1382000000.0,0.0,1382000000.0
557.0,red,0.0,56000000000.0,56000000000.0
557.0,blue,1382000000.0,0.0,1382000000.0
558.0,red,0.0,56000000000.0,56000000000.0
558.0,blue,1382000000.0,0.0,1382000000.0
559.0,red,0.0,56000000000.0,56000000000.0
559.0,blue,1382000000.0,0.0,1382000000.0
560.0,red,0.0,56000000000.0,56000000000.0
560.0,blue,1382000000.0,0.0,1382000000.0
561.0,red,0.0,56000000000.0,56000000000.0
561.0,blue,1382000000.0,0.0,1382000000.0
562.0,red,0.0,56000000000.0,56000000000.0
562.0,blue,1382000000.0,0.0,1382000000.0
563.0,red,0.0,56000000000.0,56000000000.0
563.0,blue,1382000000.0,0.0,1382000000.0
564.0,red,0.0,56000000000.0,56000000000.0
564.0,blue,1382000000.0,0.0,1382000000.0
565.0,red,0.0,56000000000.0,56000000000.0
565.0,blue,1382000000.0,0.0,1382000000.0
566.0,red,0.0,56000000000.0,56000000000.0
566.0,blue,1382000000.0,0.0,1382000000.0
567.0,red,0.0,56000000000.0,56000000000.0
567.0,blue,1382000000.0,0.0,1382000000.0
568.0,red,0.0,56000000000.0,56000000000.0
568.0,blue,1382000000.0,0.0,1382000000.0
569.0,red,0.0,56000000000.0,56000000000.0
569.0,blue,1382000000.0,0.0,1382000000.0
570.0,red,0.0,56000000000.0,56000000000.0
570.0,blue,1382000000.0,0.0,1382000000.0
571.0,red,0.0,56000000000.0,56000000000.0
571.0,blue,1382000000.0,0.0,1382000000.0
572.0,red,0.0,56000000000.0,56000000000.0
572.0,blue,1382000000.0,0.0,1382000000.0
573.0,red,0.0,56000000000.0,56000000000.0
573.0,blue,1382000000.0,0.0,1382000000.0
574.0,red,0.0,56000000000.0,56000000000.0
574.0,blue,1382000000.0,0.0,1382000000.0
575.0,red,0.0,56000000000.0,56000000000.0
575.0,blue,1382000000.0,0.0,1382000000.0
576.0,red,0.0,56000000000.0,56000000000.0
576.0,blue,1382000000.0,0.0,1382000000.0
577.0,red,0.0,56000000000.0,56000000000.0
577.0,blue,1382000000.0,0.0,1382000000.0
578.0,red,0.0,56000000000.0,56000000000.0
578.0,blue,1382000000.0,0.0,1382000000.0
579.0,red,0.0,56000000000.0,56000000000.0
579.0,blue,1382000000.0,0.0,1382000000.0
580.0,red,0.0,56000000000.0,56000000000.0
580.0,blue,1382000000.0,0.0,1382000000.0
581.0,red,0.0,56000000000.0,56000000000.0
581.0,blue,1382000000.0,0.0,1382000000.0
582.0,red,0.0,56000000000.0,56000000000.0
582.0,blue,1382000000.0,0.0,1382000000.0
583.0,red,0.0,56000000000.0,56000000000.0
583.0,blue,1382000000.0,0.0,1382000000.0
584.0,red,0.0,56000000000.0,56000000000.0
584.0,blue,1382000000.0,0.0,1382000000.0
585.0,red,0.0,56000000000.0,56000000000.0
585.0,blue,1382000000.0,0.0,1382000000.0
586.0,red,0.0,56000000000.0,56000000000.0
586.0,blue,1382000000.0,0.0,1382000000.0
587.0,red,0.0,56000000000.0,56000000000.0
587.0,blue,1382000000.0,0.0,1382000000.0
588.0,red,0.0,56000000000.0,56000000000.0
588.0,blue,1382000000.0,0.0,1382000000.0
589.0,red,0.0,56000000000.0,56000000000.0
589.0,blue,1382000000.0,0.0,1382000000.0
590.0,red,0.0,56000000000.0,56000000000.0
590.0,blue,1382000000.0,0.0,1382000000.0
591.0,red,0.0,56000000000.0,56000000000.0
591.0,blue,1382000000.0,0.0,1382000000.0
592.0,red,0.0,56000000000.0,56000000000.0
592.0,blue,1382000000.0,0.0,1382000000.0
593.0,red,0.0,56000000000.0,56000000000.0
593.0,blue,1382000000.0,0.0,1382000000.0
594.0,red,0.0,56000000000.0,56000000000.0
594.0,blue,1382000000.0,0.0,1382000000.0
595.0,red,0.0,56000000000.0,56000000000.0
595.0,blue,1382000000.0,0.0,1382000000.0
596.0,red,0.0,56000000000.0,56000000000.0
596.0,blue,1382000000.0,0.0,1382000000.0
597.0,red,0.0,56000000000.0,56000000000.0
597.0,blue,1382000000.0,0.0,1382000000.0
598.0,red,0.0,56000000000.0,56000000000.0
598.0,blue,1382000000.0,0.0,1382000000.0
599.0,red,0.0,56000000000.0,56000000000.0
599.0,blue,1382000000.0,0.0,1382000000.0
